id_actividad,nombre,direccion,fecha_hora
1,Ship broker,"USS Larson
FPO AA 32546",2024-09-13 23:52:47
2,"Therapist, horticultural","4674 Oliver Loaf
Jenniferfurt, MA 27283",2024-07-31 21:49:34
3,Futures trader,"Unit 4672 Box 8731
DPO AP 67423",2024-09-02 12:00:16
4,Travel agency manager,"5212 Cook Parkways Apt. 788
Lake Ethan, IN 07408",2024-10-10 08:24:31
5,Horticultural consultant,"27058 Marshall Branch
North Shannonside, DC 13231",2024-05-11 14:27:48
6,"Education officer, community","12098 Alvarado Canyon Apt. 953
North Richardport, DC 28638",2024-01-27 12:05:56
7,Clinical molecular geneticist,"1575 Hector Mountains
Port Angiehaven, WV 80513",2024-09-12 19:40:44
8,"Teacher, music","89395 Booker Cliffs
Hernandezport, ND 09468",2024-10-15 09:23:09
9,Careers adviser,"USNS Kelly
FPO AA 93391",2024-06-27 16:19:08
10,Personnel officer,"1711 Bryan River
South Eileen, WV 45984",2024-04-28 14:57:13
11,"Surveyor, insurance","4553 Hill Curve
Port Jacobhaven, MI 46085",2024-07-04 00:53:17
12,Tour manager,"USNS Cole
FPO AE 37460",2024-10-28 04:18:05
13,Barrister,"78939 Tran Extension Suite 671
New Amberton, HI 10170",2024-06-27 04:28:11
14,Clinical biochemist,"PSC 9598, Box 4344
APO AE 84750",2024-08-08 09:03:06
15,"Geologist, engineering","779 John Pass
Kingfurt, AK 75166",2024-05-02 16:36:09
16,Contractor,"499 Harris Route Apt. 028
Lake Ryanmouth, LA 38345",2024-08-05 13:11:07
17,Retail buyer,"83020 Smith Underpass Suite 371
Farmerside, LA 79554",2024-10-16 17:30:22
18,Dramatherapist,"37209 Scott Haven Apt. 042
Port Yolanda, SD 31102",2024-09-30 19:01:14
19,Audiological scientist,"1195 Hughes Overpass Suite 506
East Kaitlyn, MT 25661",2024-09-03 10:18:12
20,"Engineer, communications","4480 Patrick Light Apt. 902
Port Kathleenshire, SC 15423",2024-07-22 08:03:18
21,Ambulance person,"PSC 7047, Box 9323
APO AE 14591",2024-06-29 02:19:05
22,Arboriculturist,"1509 Peterson Lock Suite 556
Cindyborough, AR 49886",2024-08-14 19:03:04
23,Barrister,"0273 Wright Green Suite 730
Wardfurt, WV 81121",2024-06-27 15:07:56
24,Magazine features editor,"Unit 7353 Box 7543
DPO AP 94549",2024-09-02 08:14:03
25,Television floor manager,"3752 James Drive
Mccoyshire, LA 71086",2024-10-22 19:25:37
26,"Administrator, arts","6247 Dustin Lodge
Coxstad, AL 00993",2024-09-14 10:06:43
27,Trading standards officer,"81892 Lee Village
Ashleyton, MN 49685",2024-11-02 00:19:06
28,Patent examiner,"71634 Heather Drive
Port Denisemouth, MN 68982",2024-02-15 21:49:55
29,"Lighting technician, broadcasting/film/video","56362 Bernard Ways
Hodgeberg, KY 91224",2024-05-31 17:04:41
30,Call centre manager,"90528 Karen Bridge
Anthonyland, ND 14233",2024-05-17 15:08:22
