nombre,telefono,email
Usuario 1,+34000000000,usuario1@gmail.com
Usuario 2,+34000000001,usuario2@gmail.com
Usuario 3,+34000000002,usuario3@gmail.com
Usuario 4,+34000000003,usuario4@gmail.com
Usuario 5,+34000000004,usuario5@gmail.com
Usuario 6,+34000000005,usuario6@gmail.com
Usuario 7,+34000000006,usuario7@gmail.com
Usuario 8,+34000000007,usuario8@gmail.com
Usuario 9,+34000000008,usuario9@gmail.com
Usuario 10,+34000000009,usuario10@gmail.com
Usuario 11,+34000000010,usuario11@gmail.com
Usuario 12,+34000000011,usuario12@gmail.com
Usuario 13,+34000000012,usuario13@gmail.com
Usuario 14,+34000000013,usuario14@gmail.com
Usuario 15,+34000000014,usuario15@gmail.com
Usuario 16,+34000000015,usuario16@gmail.com
Usuario 17,+34000000016,usuario17@gmail.com
Usuario 18,+34000000017,usuario18@gmail.com
Usuario 19,+34000000018,usuario19@gmail.com
Usuario 20,+34000000019,usuario20@gmail.com
Usuario 21,+34000000020,usuario21@gmail.com
Usuario 22,+34000000021,usuario22@gmail.com
Usuario 23,+34000000022,usuario23@gmail.com
Usuario 24,+34000000023,usuario24@gmail.com
Usuario 25,+34000000024,usuario25@gmail.com
Usuario 26,+34000000025,usuario26@gmail.com
Usuario 27,+34000000026,usuario27@gmail.com
Usuario 28,+34000000027,usuario28@gmail.com
Usuario 29,+34000000028,usuario29@gmail.com
Usuario 30,+34000000029,usuario30@gmail.com
Usuario 31,+34000000030,usuario31@gmail.com
Usuario 32,+34000000031,usuario32@gmail.com
Usuario 33,+34000000032,usuario33@gmail.com
Usuario 34,+34000000033,usuario34@gmail.com
Usuario 35,+34000000034,usuario35@gmail.com
Usuario 36,+34000000035,usuario36@gmail.com
Usuario 37,+34000000036,usuario37@gmail.com
Usuario 38,+34000000037,usuario38@gmail.com
Usuario 39,+34000000038,usuario39@gmail.com
Usuario 40,+34000000039,usuario40@gmail.com
Usuario 41,+34000000040,usuario41@gmail.com
Usuario 42,+34000000041,usuario42@gmail.com
Usuario 43,+34000000042,usuario43@gmail.com
Usuario 44,+34000000043,usuario44@gmail.com
Usuario 45,+34000000044,usuario45@gmail.com
Usuario 46,+34000000045,usuario46@gmail.com
Usuario 47,+34000000046,usuario47@gmail.com
Usuario 48,+34000000047,usuario48@gmail.com
Usuario 49,+34000000048,usuario49@gmail.com
Usuario 50,+34000000049,usuario50@gmail.com
Usuario 51,+34000000050,usuario51@gmail.com
Usuario 52,+34000000051,usuario52@gmail.com
Usuario 53,+34000000052,usuario53@gmail.com
Usuario 54,+34000000053,usuario54@gmail.com
Usuario 55,+34000000054,usuario55@gmail.com
Usuario 56,+34000000055,usuario56@gmail.com
Usuario 57,+34000000056,usuario57@gmail.com
Usuario 58,+34000000057,usuario58@gmail.com
Usuario 59,+34000000058,usuario59@gmail.com
Usuario 60,+34000000059,usuario60@gmail.com
Usuario 61,+34000000060,usuario61@gmail.com
Usuario 62,+34000000061,usuario62@gmail.com
Usuario 63,+34000000062,usuario63@gmail.com
Usuario 64,+34000000063,usuario64@gmail.com
Usuario 65,+34000000064,usuario65@gmail.com
Usuario 66,+34000000065,usuario66@gmail.com
Usuario 67,+34000000066,usuario67@gmail.com
Usuario 68,+34000000067,usuario68@gmail.com
Usuario 69,+34000000068,usuario69@gmail.com
Usuario 70,+34000000069,usuario70@gmail.com
Usuario 71,+34000000070,usuario71@gmail.com
Usuario 72,+34000000071,usuario72@gmail.com
Usuario 73,+34000000072,usuario73@gmail.com
Usuario 74,+34000000073,usuario74@gmail.com
Usuario 75,+34000000074,usuario75@gmail.com
Usuario 76,+34000000075,usuario76@gmail.com
Usuario 77,+34000000076,usuario77@gmail.com
Usuario 78,+34000000077,usuario78@gmail.com
Usuario 79,+34000000078,usuario79@gmail.com
Usuario 80,+34000000079,usuario80@gmail.com
Usuario 81,+34000000080,usuario81@gmail.com
Usuario 82,+34000000081,usuario82@gmail.com
Usuario 83,+34000000082,usuario83@gmail.com
Usuario 84,+34000000083,usuario84@gmail.com
Usuario 85,+34000000084,usuario85@gmail.com
Usuario 86,+34000000085,usuario86@gmail.com
Usuario 87,+34000000086,usuario87@gmail.com
Usuario 88,+34000000087,usuario88@gmail.com
Usuario 89,+34000000088,usuario89@gmail.com
Usuario 90,+34000000089,usuario90@gmail.com
Usuario 91,+34000000090,usuario91@gmail.com
Usuario 92,+34000000091,usuario92@gmail.com
Usuario 93,+34000000092,usuario93@gmail.com
Usuario 94,+34000000093,usuario94@gmail.com
Usuario 95,+34000000094,usuario95@gmail.com
Usuario 96,+34000000095,usuario96@gmail.com
Usuario 97,+34000000096,usuario97@gmail.com
Usuario 98,+34000000097,usuario98@gmail.com
Usuario 99,+34000000098,usuario99@gmail.com
Usuario 100,+34000000099,usuario100@gmail.com
